{
  "project_info": {
    "project_number": "749419445503",
    "firebase_url": "https://android-shopper-ef59b.firebaseio.com",
    "project_id": "android-shopper-ef59b",
    "storage_bucket": "android-shopper-ef59b.appspot.com"
  },
  "client": [
    {
      "client_info": {
        "mobilesdk_app_id": "1:749419445503:android:021eccb9f77df3695320ca",
        "android_client_info": {
          "package_name": "com.app.basketiodriver"
        }
      },
      "oauth_client": [
        {
          "client_id": "749419445503-q3reiofe6074ggs2sjsbtgqf42hsnbjs.apps.googleusercontent.com",
          "client_type": 3
        }
      ],
      "api_key": [
        {
          "current_key": "AIzaSyDQRZ0VPlk6xAB98-NiiaDgwmuRxlfVq2M"
        }
      ],
      "services": {
        "appinvite_service": {
          "other_platform_oauth_client": [
            {
              "client_id": "749419445503-q3reiofe6074ggs2sjsbtgqf42hsnbjs.apps.googleusercontent.com",
              "client_type": 3
            },
            {
              "client_id": "749419445503-nq1h0qakf2thp7m8pn9inl17irqsgon4.apps.googleusercontent.com",
              "client_type": 2,
              "ios_info": {
                "bundle_id": "jo.basket",
                "app_store_id": "1261941252"
              }
            }
          ]
        }
      }
    },
    {
      "client_info": {
        "mobilesdk_app_id": "1:749419445503:android:819f537d8181e2f5",
        "android_client_info": {
          "package_name": "jo.basket"
        }
      },
      "oauth_client": [
        {
          "client_id": "749419445503-6jp92ch44hktqkhihtvaht112vv7su6c.apps.googleusercontent.com",
          "client_type": 1,
          "android_info": {
            "package_name": "jo.basket",
            "certificate_hash": "4b479cb7e4c0d2ea6fbd56142816b92092625196"
          }
        },
        {
          "client_id": "749419445503-ma32873of8u4qgieloit26q4r3dodj87.apps.googleusercontent.com",
          "client_type": 1,
          "android_info": {
            "package_name": "jo.basket",
            "certificate_hash": "41398b696b9bec48664e666dd6ba68eb04795d19"
          }
        },
        {
          "client_id": "749419445503-q3reiofe6074ggs2sjsbtgqf42hsnbjs.apps.googleusercontent.com",
          "client_type": 3
        }
      ],
      "api_key": [
        {
          "current_key": "AIzaSyDQRZ0VPlk6xAB98-NiiaDgwmuRxlfVq2M"
        }
      ],
      "services": {
        "appinvite_service": {
          "other_platform_oauth_client": [
            {
              "client_id": "749419445503-q3reiofe6074ggs2sjsbtgqf42hsnbjs.apps.googleusercontent.com",
              "client_type": 3
            },
            {
              "client_id": "749419445503-nq1h0qakf2thp7m8pn9inl17irqsgon4.apps.googleusercontent.com",
              "client_type": 2,
              "ios_info": {
                "bundle_id": "jo.basket",
                "app_store_id": "1261941252"
              }
            }
          ]
        }
      }
    }
  ],
  "configuration_version": "1"
}