{
  "v": "5.6.10",
  "fr": 60,
  "ip": 0,
  "op": 165,
  "w": 972,
  "h": 1014,
  "nm": "Icon 8",
  "ddd": 0,
  "assets": [
    {
      "id": "comp_0",
      "layers": [
        {
          "ddd": 0,
          "ind": 1,
          "ty": 4,
          "nm": "Vector",
          "sr": 1,
          "ks": {
            "o": {
              "a": 0,
              "k": 100,
              "ix": 11
            },
            "r": {
              "a": 0,
              "k": 0,
              "ix": 10
            },
            "p": {
              "a": 0,
              "k": [
                400.715,
                161.134,
                0
              ],
              "ix": 2
            },
            "a": {
              "a": 0,
              "k": [
                0,
                0,
                0
              ],
              "ix": 1
            },
            "s": {
              "a": 0,
              "k": [
                100,
                100,
                100
              ],
              "ix": 6
            }
          },
          "ao": 0,
          "shapes": [
            {
              "ty": "gr",
              "it": [
                {
                  "ind": 0,
                  "ty": "sh",
                  "ix": 1,
                  "ks": {
                    "a": 0,
                    "k": {
                      "i": [
                        [
                          -0.377,
                          0.377
                        ],
                        [
                          0,
                          0
                        ],
                        [
                          -0.001,
                          0.714
                        ],
                        [
                          0.505,
                          0.505
                        ],
                        [
                          0,
                          0
                        ],
                        [
                          0.523,
                          0.103
                        ],
                        [
                          0.492,
                          -0.204
                        ],
                        [
                          0.296,
                          -0.443
                        ],
                        [
                          0.001,
                          -0.533
                        ],
                        [
                          0,
                          0
                        ],
                        [
                          -0.296,
                          -0.443
                        ],
                        [
                          -0.492,
                          -0.203
                        ],
                        [
                          -0.523,
                          0.105
                        ]
                      ],
                      "o": [
                        [
                          0,
                          0
                        ],
                        [
                          0.506,
                          -0.506
                        ],
                        [
                          0.001,
                          -0.714
                        ],
                        [
                          0,
                          0
                        ],
                        [
                          -0.376,
                          -0.376
                        ],
                        [
                          -0.522,
                          -0.103
                        ],
                        [
                          -0.493,
                          0.204
                        ],
                        [
                          -0.297,
                          0.443
                        ],
                        [
                          0,
                          0
                        ],
                        [
                          -0.001,
                          0.533
                        ],
                        [
                          0.295,
                          0.443
                        ],
                        [
                          0.492,
                          0.203
                        ],
                        [
                          0.523,
                          -0.105
                        ]
                      ],
                      "v": [
                        [
                          -6.07,
                          17.828
                        ],
                        [
                          9.874,
                          1.885
                        ],
                        [
                          10.665,
                          -0.021
                        ],
                        [
                          9.878,
                          -1.925
                        ],
                        [
                          -6.029,
                          -17.833
                        ],
                        [
                          -7.408,
                          -18.568
                        ],
                        [
                          -8.964,
                          -18.413
                        ],
                        [
                          -10.173,
                          -17.42
                        ],
                        [
                          -10.63,
                          -15.923
                        ],
                        [
                          -10.665,
                          15.928
                        ],
                        [
                          -10.214,
                          17.424
                        ],
                        [
                          -9.005,
                          18.415
                        ],
                        [
                          -7.449,
                          18.567
                        ]
                      ],
                      "c": true
                    },
                    "ix": 2
                  },
                  "nm": "Path 1",
                  "mn": "ADBE Vector Shape - Group",
                  "hd": false
                },
                {
                  "ty": "fl",
                  "c": {
                    "a": 0,
                    "k": [
                      0.474509805441,
                      0.466666668653,
                      0.474509805441,
                      1
                    ],
                    "ix": 4
                  },
                  "o": {
                    "a": 0,
                    "k": 100,
                    "ix": 5
                  },
                  "r": 1,
                  "bm": 0,
                  "nm": "Fill 1",
                  "mn": "ADBE Vector Graphic - Fill",
                  "hd": false
                },
                {
                  "ty": "tr",
                  "p": {
                    "a": 0,
                    "k": [
                      0,
                      0
                    ],
                    "ix": 2
                  },
                  "a": {
                    "a": 0,
                    "k": [
                      0,
                      0
                    ],
                    "ix": 1
                  },
                  "s": {
                    "a": 0,
                    "k": [
                      300,
                      300
                    ],
                    "ix": 3
                  },
                  "r": {
                    "a": 0,
                    "k": 0,
                    "ix": 6
                  },
                  "o": {
                    "a": 0,
                    "k": 100,
                    "ix": 7
                  },
                  "sk": {
                    "a": 0,
                    "k": 0,
                    "ix": 4
                  },
                  "sa": {
                    "a": 0,
                    "k": 0,
                    "ix": 5
                  },
                  "nm": "Transform"
                }
              ],
              "nm": "Vector",
              "np": 2,
              "cix": 2,
              "bm": 0,
              "ix": 1,
              "mn": "ADBE Vector Group",
              "hd": false
            }
          ],
          "ip": 0,
          "op": 300,
          "st": 0,
          "bm": 0
        },
        {
          "ddd": 0,
          "ind": 2,
          "ty": 4,
          "nm": "Vector",
          "sr": 1,
          "ks": {
            "o": {
              "a": 0,
              "k": 100,
              "ix": 11
            },
            "r": {
              "a": 0,
              "k": 0,
              "ix": 10
            },
            "p": {
              "a": 0,
              "k": [
                288.518,
                251.419,
                0
              ],
              "ix": 2
            },
            "a": {
              "a": 0,
              "k": [
                0,
                0,
                0
              ],
              "ix": 1
            },
            "s": {
              "a": 0,
              "k": [
                100,
                100,
                100
              ],
              "ix": 6
            }
          },
          "ao": 0,
          "shapes": [
            {
              "ty": "gr",
              "it": [
                {
                  "ind": 0,
                  "ty": "sh",
                  "ix": 1,
                  "ks": {
                    "a": 0,
                    "k": {
                      "i": [
                        [
                          -3.577,
                          8.706
                        ],
                        [
                          -7.188,
                          6.084
                        ],
                        [
                          -14.259,
                          -0.308
                        ],
                        [
                          -0.102,
                          -0.011
                        ],
                        [
                          -0.403,
                          -0.438
                        ],
                        [
                          -0.013,
                          -0.595
                        ],
                        [
                          0.382,
                          -0.457
                        ],
                        [
                          0.589,
                          -0.092
                        ],
                        [
                          0.149,
                          0.004
                        ],
                        [
                          6.968,
                          -2.934
                        ],
                        [
                          5.164,
                          -5.524
                        ],
                        [
                          2.456,
                          -7.148
                        ],
                        [
                          -0.682,
                          -7.52
                        ],
                        [
                          0.095,
                          -0.31
                        ],
                        [
                          0.206,
                          -0.249
                        ],
                        [
                          0.286,
                          -0.152
                        ],
                        [
                          0.322,
                          -0.03
                        ],
                        [
                          0.309,
                          0.096
                        ],
                        [
                          0.248,
                          0.208
                        ],
                        [
                          0.148,
                          0.287
                        ],
                        [
                          0.027,
                          0.323
                        ]
                      ],
                      "o": [
                        [
                          3.577,
                          -8.706
                        ],
                        [
                          10.899,
                          -9.221
                        ],
                        [
                          0.103,
                          -0.002
                        ],
                        [
                          0.591,
                          0.063
                        ],
                        [
                          0.402,
                          0.438
                        ],
                        [
                          0.013,
                          0.595
                        ],
                        [
                          -0.383,
                          0.457
                        ],
                        [
                          -0.147,
                          0.024
                        ],
                        [
                          -7.552,
                          -0.17
                        ],
                        [
                          -6.968,
                          2.934
                        ],
                        [
                          -5.164,
                          5.524
                        ],
                        [
                          -2.456,
                          7.148
                        ],
                        [
                          0.032,
                          0.322
                        ],
                        [
                          -0.095,
                          0.31
                        ],
                        [
                          -0.206,
                          0.25
                        ],
                        [
                          -0.286,
                          0.151
                        ],
                        [
                          -0.322,
                          0.03
                        ],
                        [
                          -0.309,
                          -0.097
                        ],
                        [
                          -0.248,
                          -0.208
                        ],
                        [
                          -0.148,
                          -0.287
                        ],
                        [
                          -0.841,
                          -9.365
                        ]
                      ],
                      "v": [
                        [
                          -26.764,
                          3.304
                        ],
                        [
                          -10.379,
                          -19.207
                        ],
                        [
                          28.668,
                          -33.042
                        ],
                        [
                          28.976,
                          -33.029
                        ],
                        [
                          30.518,
                          -32.252
                        ],
                        [
                          31.162,
                          -30.65
                        ],
                        [
                          30.589,
                          -29.019
                        ],
                        [
                          29.082,
                          -28.168
                        ],
                        [
                          28.637,
                          -28.138
                        ],
                        [
                          6.61,
                          -23.944
                        ],
                        [
                          -11.793,
                          -11.113
                        ],
                        [
                          -23.352,
                          8.11
                        ],
                        [
                          -26.043,
                          30.36
                        ],
                        [
                          -26.138,
                          31.317
                        ],
                        [
                          -26.595,
                          32.164
                        ],
                        [
                          -27.341,
                          32.772
                        ],
                        [
                          -28.264,
                          33.046
                        ],
                        [
                          -29.22,
                          32.945
                        ],
                        [
                          -30.063,
                          32.484
                        ],
                        [
                          -30.663,
                          31.734
                        ],
                        [
                          -30.928,
                          30.81
                        ]
                      ],
                      "c": true
                    },
                    "ix": 2
                  },
                  "nm": "Path 1",
                  "mn": "ADBE Vector Shape - Group",
                  "hd": false
                },
                {
                  "ty": "fl",
                  "c": {
                    "a": 0,
                    "k": [
                      0.474509805441,
                      0.466666668653,
                      0.474509805441,
                      1
                    ],
                    "ix": 4
                  },
                  "o": {
                    "a": 0,
                    "k": 100,
                    "ix": 5
                  },
                  "r": 1,
                  "bm": 0,
                  "nm": "Fill 1",
                  "mn": "ADBE Vector Graphic - Fill",
                  "hd": false
                },
                {
                  "ty": "tr",
                  "p": {
                    "a": 0,
                    "k": [
                      0,
                      0
                    ],
                    "ix": 2
                  },
                  "a": {
                    "a": 0,
                    "k": [
                      0,
                      0
                    ],
                    "ix": 1
                  },
                  "s": {
                    "a": 0,
                    "k": [
                      300,
                      300
                    ],
                    "ix": 3
                  },
                  "r": {
                    "a": 0,
                    "k": 0,
                    "ix": 6
                  },
                  "o": {
                    "a": 0,
                    "k": 100,
                    "ix": 7
                  },
                  "sk": {
                    "a": 0,
                    "k": 0,
                    "ix": 4
                  },
                  "sa": {
                    "a": 0,
                    "k": 0,
                    "ix": 5
                  },
                  "nm": "Transform"
                }
              ],
              "nm": "Vector",
              "np": 2,
              "cix": 2,
              "bm": 0,
              "ix": 1,
              "mn": "ADBE Vector Group",
              "hd": false
            }
          ],
          "ip": 0,
          "op": 300,
          "st": 0,
          "bm": 0
        },
        {
          "ddd": 0,
          "ind": 3,
          "ty": 4,
          "nm": "Vector",
          "sr": 1,
          "ks": {
            "o": {
              "a": 0,
              "k": 100,
              "ix": 11
            },
            "r": {
              "a": 0,
              "k": 0,
              "ix": 10
            },
            "p": {
              "a": 0,
              "k": [
                528.245,
                851.117,
                0
              ],
              "ix": 2
            },
            "a": {
              "a": 0,
              "k": [
                0,
                0,
                0
              ],
              "ix": 1
            },
            "s": {
              "a": 0,
              "k": [
                100,
                100,
                100
              ],
              "ix": 6
            }
          },
          "ao": 0,
          "shapes": [
            {
              "ty": "gr",
              "it": [
                {
                  "ind": 0,
                  "ty": "sh",
                  "ix": 1,
                  "ks": {
                    "a": 0,
                    "k": {
                      "i": [
                        [
                          0.377,
                          -0.377
                        ],
                        [
                          0,
                          0
                        ],
                        [
                          0.001,
                          -0.715
                        ],
                        [
                          -0.505,
                          -0.505
                        ],
                        [
                          0,
                          0
                        ],
                        [
                          -0.523,
                          -0.104
                        ],
                        [
                          -0.492,
                          0.204
                        ],
                        [
                          -0.296,
                          0.444
                        ],
                        [
                          0,
                          0.533
                        ],
                        [
                          0,
                          0
                        ],
                        [
                          0.296,
                          0.443
                        ],
                        [
                          0.492,
                          0.203
                        ],
                        [
                          0.523,
                          -0.104
                        ]
                      ],
                      "o": [
                        [
                          0,
                          0
                        ],
                        [
                          -0.506,
                          0.506
                        ],
                        [
                          -0.001,
                          0.714
                        ],
                        [
                          0,
                          0
                        ],
                        [
                          0.376,
                          0.376
                        ],
                        [
                          0.522,
                          0.103
                        ],
                        [
                          0.493,
                          -0.205
                        ],
                        [
                          0.297,
                          -0.443
                        ],
                        [
                          0,
                          0
                        ],
                        [
                          0.001,
                          -0.533
                        ],
                        [
                          -0.295,
                          -0.443
                        ],
                        [
                          -0.492,
                          -0.203
                        ],
                        [
                          -0.523,
                          0.105
                        ]
                      ],
                      "v": [
                        [
                          6.07,
                          -17.828
                        ],
                        [
                          -9.874,
                          -1.884
                        ],
                        [
                          -10.665,
                          0.021
                        ],
                        [
                          -9.878,
                          1.926
                        ],
                        [
                          6.029,
                          17.833
                        ],
                        [
                          7.408,
                          18.568
                        ],
                        [
                          8.964,
                          18.413
                        ],
                        [
                          10.174,
                          17.42
                        ],
                        [
                          10.63,
                          15.923
                        ],
                        [
                          10.665,
                          -15.928
                        ],
                        [
                          10.214,
                          -17.424
                        ],
                        [
                          9.006,
                          -18.415
                        ],
                        [
                          7.45,
                          -18.567
                        ]
                      ],
                      "c": true
                    },
                    "ix": 2
                  },
                  "nm": "Path 1",
                  "mn": "ADBE Vector Shape - Group",
                  "hd": false
                },
                {
                  "ty": "fl",
                  "c": {
                    "a": 0,
                    "k": [
                      0.474509805441,
                      0.466666668653,
                      0.474509805441,
                      1
                    ],
                    "ix": 4
                  },
                  "o": {
                    "a": 0,
                    "k": 100,
                    "ix": 5
                  },
                  "r": 1,
                  "bm": 0,
                  "nm": "Fill 1",
                  "mn": "ADBE Vector Graphic - Fill",
                  "hd": false
                },
                {
                  "ty": "tr",
                  "p": {
                    "a": 0,
                    "k": [
                      0,
                      0
                    ],
                    "ix": 2
                  },
                  "a": {
                    "a": 0,
                    "k": [
                      0,
                      0
                    ],
                    "ix": 1
                  },
                  "s": {
                    "a": 0,
                    "k": [
                      300,
                      300
                    ],
                    "ix": 3
                  },
                  "r": {
                    "a": 0,
                    "k": 0,
                    "ix": 6
                  },
                  "o": {
                    "a": 0,
                    "k": 100,
                    "ix": 7
                  },
                  "sk": {
                    "a": 0,
                    "k": 0,
                    "ix": 4
                  },
                  "sa": {
                    "a": 0,
                    "k": 0,
                    "ix": 5
                  },
                  "nm": "Transform"
                }
              ],
              "nm": "Vector",
              "np": 2,
              "cix": 2,
              "bm": 0,
              "ix": 1,
              "mn": "ADBE Vector Group",
              "hd": false
            }
          ],
          "ip": 0,
          "op": 300,
          "st": 0,
          "bm": 0
        },
        {
          "ddd": 0,
          "ind": 4,
          "ty": 4,
          "nm": "Vector",
          "sr": 1,
          "ks": {
            "o": {
              "a": 0,
              "k": 100,
              "ix": 11
            },
            "r": {
              "a": 0,
              "k": 0,
              "ix": 10
            },
            "p": {
              "a": 0,
              "k": [
                640.441,
                760.832,
                0
              ],
              "ix": 2
            },
            "a": {
              "a": 0,
              "k": [
                0,
                0,
                0
              ],
              "ix": 1
            },
            "s": {
              "a": 0,
              "k": [
                100,
                100,
                100
              ],
              "ix": 6
            }
          },
          "ao": 0,
          "shapes": [
            {
              "ty": "gr",
              "it": [
                {
                  "ind": 0,
                  "ty": "sh",
                  "ix": 1,
                  "ks": {
                    "a": 0,
                    "k": {
                      "i": [
                        [
                          3.577,
                          -8.707
                        ],
                        [
                          7.189,
                          -6.084
                        ],
                        [
                          14.259,
                          0.308
                        ],
                        [
                          0.102,
                          0.011
                        ],
                        [
                          0.403,
                          0.438
                        ],
                        [
                          0.013,
                          0.595
                        ],
                        [
                          -0.383,
                          0.457
                        ],
                        [
                          -0.589,
                          0.091
                        ],
                        [
                          -0.149,
                          -0.004
                        ],
                        [
                          -6.968,
                          2.934
                        ],
                        [
                          -5.164,
                          5.524
                        ],
                        [
                          -2.455,
                          7.147
                        ],
                        [
                          0.682,
                          7.52
                        ],
                        [
                          -0.095,
                          0.31
                        ],
                        [
                          -0.207,
                          0.249
                        ],
                        [
                          -0.287,
                          0.152
                        ],
                        [
                          -0.322,
                          0.03
                        ],
                        [
                          -0.308,
                          -0.096
                        ],
                        [
                          -0.247,
                          -0.208
                        ],
                        [
                          -0.149,
                          -0.287
                        ],
                        [
                          -0.027,
                          -0.323
                        ]
                      ],
                      "o": [
                        [
                          -3.577,
                          8.706
                        ],
                        [
                          -10.898,
                          9.221
                        ],
                        [
                          -0.103,
                          0.002
                        ],
                        [
                          -0.591,
                          -0.063
                        ],
                        [
                          -0.402,
                          -0.438
                        ],
                        [
                          -0.013,
                          -0.594
                        ],
                        [
                          0.382,
                          -0.456
                        ],
                        [
                          0.147,
                          -0.024
                        ],
                        [
                          7.552,
                          0.169
                        ],
                        [
                          6.968,
                          -2.934
                        ],
                        [
                          5.164,
                          -5.525
                        ],
                        [
                          2.456,
                          -7.148
                        ],
                        [
                          -0.032,
                          -0.322
                        ],
                        [
                          0.094,
                          -0.31
                        ],
                        [
                          0.206,
                          -0.25
                        ],
                        [
                          0.286,
                          -0.151
                        ],
                        [
                          0.323,
                          -0.03
                        ],
                        [
                          0.309,
                          0.097
                        ],
                        [
                          0.248,
                          0.208
                        ],
                        [
                          0.148,
                          0.287
                        ],
                        [
                          0.841,
                          9.365
                        ]
                      ],
                      "v": [
                        [
                          26.765,
                          -3.304
                        ],
                        [
                          10.379,
                          19.207
                        ],
                        [
                          -28.668,
                          33.042
                        ],
                        [
                          -28.976,
                          33.028
                        ],
                        [
                          -30.518,
                          32.251
                        ],
                        [
                          -31.162,
                          30.649
                        ],
                        [
                          -30.588,
                          29.018
                        ],
                        [
                          -29.082,
                          28.168
                        ],
                        [
                          -28.637,
                          28.138
                        ],
                        [
                          -6.61,
                          23.944
                        ],
                        [
                          11.794,
                          11.113
                        ],
                        [
                          23.352,
                          -8.11
                        ],
                        [
                          26.043,
                          -30.36
                        ],
                        [
                          26.139,
                          -31.317
                        ],
                        [
                          26.595,
                          -32.164
                        ],
                        [
                          27.342,
                          -32.772
                        ],
                        [
                          28.264,
                          -33.046
                        ],
                        [
                          29.22,
                          -32.945
                        ],
                        [
                          30.063,
                          -32.484
                        ],
                        [
                          30.664,
                          -31.734
                        ],
                        [
                          30.929,
                          -30.81
                        ]
                      ],
                      "c": true
                    },
                    "ix": 2
                  },
                  "nm": "Path 1",
                  "mn": "ADBE Vector Shape - Group",
                  "hd": false
                },
                {
                  "ty": "fl",
                  "c": {
                    "a": 0,
                    "k": [
                      0.474509805441,
                      0.466666668653,
                      0.474509805441,
                      1
                    ],
                    "ix": 4
                  },
                  "o": {
                    "a": 0,
                    "k": 100,
                    "ix": 5
                  },
                  "r": 1,
                  "bm": 0,
                  "nm": "Fill 1",
                  "mn": "ADBE Vector Graphic - Fill",
                  "hd": false
                },
                {
                  "ty": "tr",
                  "p": {
                    "a": 0,
                    "k": [
                      0,
                      0
                    ],
                    "ix": 2
                  },
                  "a": {
                    "a": 0,
                    "k": [
                      0,
                      0
                    ],
                    "ix": 1
                  },
                  "s": {
                    "a": 0,
                    "k": [
                      300,
                      300
                    ],
                    "ix": 3
                  },
                  "r": {
                    "a": 0,
                    "k": 0,
                    "ix": 6
                  },
                  "o": {
                    "a": 0,
                    "k": 100,
                    "ix": 7
                  },
                  "sk": {
                    "a": 0,
                    "k": 0,
                    "ix": 4
                  },
                  "sa": {
                    "a": 0,
                    "k": 0,
                    "ix": 5
                  },
                  "nm": "Transform"
                }
              ],
              "nm": "Vector",
              "np": 2,
              "cix": 2,
              "bm": 0,
              "ix": 1,
              "mn": "ADBE Vector Group",
              "hd": false
            }
          ],
          "ip": 0,
          "op": 300,
          "st": 0,
          "bm": 0
        }
      ]
    },
    {
      "id": "comp_1",
      "layers": [
        {
          "ddd": 0,
          "ind": 1,
          "ty": 0,
          "nm": "Pre-comp 1",
          "refId": "comp_2",
          "sr": 1,
          "ks": {
            "o": {
              "a": 0,
              "k": 100,
              "ix": 11
            },
            "r": {
              "a": 0,
              "k": 0,
              "ix": 10
            },
            "p": {
              "a": 0,
              "k": [
                177.029,
                748.832,
                0
              ],
              "ix": 2
            },
            "a": {
              "a": 0,
              "k": [
                177.029,
                748.832,
                0
              ],
              "ix": 1
            },
            "s": {
              "a": 1,
              "k": [
                {
                  "i": {
                    "x": [
                      0.833,
                      0.833,
                      0.833
                    ],
                    "y": [
                      0.833,
                      0.833,
                      0.833
                    ]
                  },
                  "o": {
                    "x": [
                      0.167,
                      0.167,
                      0.167
                    ],
                    "y": [
                      0.167,
                      0.167,
                      0.167
                    ]
                  },
                  "t": 0,
                  "s": [
                    0,
                    0,
                    100
                  ]
                },
                {
                  "i": {
                    "x": [
                      0.833,
                      0.833,
                      0.833
                    ],
                    "y": [
                      0.833,
                      0.833,
                      0.833
                    ]
                  },
                  "o": {
                    "x": [
                      0.167,
                      0.167,
                      0.167
                    ],
                    "y": [
                      0.167,
                      0.167,
                      0.167
                    ]
                  },
                  "t": 24,
                  "s": [
                    110,
                    110,
                    100
                  ]
                },
                {
                  "t": 30,
                  "s": [
                    100,
                    100,
                    100
                  ]
                }
              ],
              "ix": 6
            }
          },
          "ao": 0,
          "w": 972,
          "h": 1014,
          "ip": 0,
          "op": 300,
          "st": 0,
          "bm": 0
        },
        {
          "ddd": 0,
          "ind": 2,
          "ty": 0,
          "nm": "Pre-comp 3",
          "refId": "comp_3",
          "sr": 1,
          "ks": {
            "o": {
              "a": 0,
              "k": 100,
              "ix": 11
            },
            "r": {
              "a": 0,
              "k": 0,
              "ix": 10
            },
            "p": {
              "a": 0,
              "k": [
                794,
                275,
                0
              ],
              "ix": 2
            },
            "a": {
              "a": 0,
              "k": [
                794,
                275,
                0
              ],
              "ix": 1
            },
            "s": {
              "a": 1,
              "k": [
                {
                  "i": {
                    "x": [
                      0.833,
                      0.833,
                      0.833
                    ],
                    "y": [
                      0.833,
                      0.833,
                      0.833
                    ]
                  },
                  "o": {
                    "x": [
                      0.167,
                      0.167,
                      0.167
                    ],
                    "y": [
                      0.167,
                      0.167,
                      0.167
                    ]
                  },
                  "t": 10,
                  "s": [
                    0,
                    0,
                    100
                  ]
                },
                {
                  "i": {
                    "x": [
                      0.833,
                      0.833,
                      0.833
                    ],
                    "y": [
                      0.833,
                      0.833,
                      0.833
                    ]
                  },
                  "o": {
                    "x": [
                      0.167,
                      0.167,
                      0.167
                    ],
                    "y": [
                      0.167,
                      0.167,
                      0.167
                    ]
                  },
                  "t": 35,
                  "s": [
                    110,
                    110,
                    100
                  ]
                },
                {
                  "t": 40,
                  "s": [
                    100,
                    100,
                    100
                  ]
                }
              ],
              "ix": 6
            }
          },
          "ao": 0,
          "w": 972,
          "h": 1014,
          "ip": 0,
          "op": 300,
          "st": 0,
          "bm": 0
        }
      ]
    },
    {
      "id": "comp_2",
      "layers": [
        {
          "ddd": 0,
          "ind": 1,
          "ty": 4,
          "nm": "Vector",
          "sr": 1,
          "ks": {
            "o": {
              "a": 0,
              "k": 100,
              "ix": 11
            },
            "r": {
              "a": 0,
              "k": 0,
              "ix": 10
            },
            "p": {
              "a": 0,
              "k": [
                178.53,
                1004.06,
                0
              ],
              "ix": 2
            },
            "a": {
              "a": 0,
              "k": [
                0,
                0,
                0
              ],
              "ix": 1
            },
            "s": {
              "a": 0,
              "k": [
                100,
                100,
                100
              ],
              "ix": 6
            }
          },
          "ao": 0,
          "shapes": [
            {
              "ty": "gr",
              "it": [
                {
                  "ind": 0,
                  "ty": "sh",
                  "ix": 1,
                  "ks": {
                    "a": 0,
                    "k": {
                      "i": [
                        [
                          -1.826,
                          0
                        ],
                        [
                          0,
                          0
                        ],
                        [
                          0,
                          -1.83
                        ],
                        [
                          1.826,
                          0
                        ],
                        [
                          0,
                          0
                        ],
                        [
                          0,
                          1.83
                        ]
                      ],
                      "o": [
                        [
                          0,
                          0
                        ],
                        [
                          1.826,
                          0
                        ],
                        [
                          0,
                          1.83
                        ],
                        [
                          0,
                          0
                        ],
                        [
                          -1.826,
                          0
                        ],
                        [
                          0,
                          -1.83
                        ]
                      ],
                      "v": [
                        [
                          -56.204,
                          -3.314
                        ],
                        [
                          56.204,
                          -3.314
                        ],
                        [
                          59.51,
                          0
                        ],
                        [
                          56.204,
                          3.314
                        ],
                        [
                          -56.204,
                          3.314
                        ],
                        [
                          -59.51,
                          0
                        ]
                      ],
                      "c": true
                    },
                    "ix": 2
                  },
                  "nm": "Path 1",
                  "mn": "ADBE Vector Shape - Group",
                  "hd": false
                },
                {
                  "ty": "fl",
                  "c": {
                    "a": 0,
                    "k": [
                      0.768627464771,
                      0.768627464771,
                      0.768627464771,
                      1
                    ],
                    "ix": 4
                  },
                  "o": {
                    "a": 0,
                    "k": 100,
                    "ix": 5
                  },
                  "r": 1,
                  "bm": 0,
                  "nm": "Fill 1",
                  "mn": "ADBE Vector Graphic - Fill",
                  "hd": false
                },
                {
                  "ty": "tr",
                  "p": {
                    "a": 0,
                    "k": [
                      0,
                      0
                    ],
                    "ix": 2
                  },
                  "a": {
                    "a": 0,
                    "k": [
                      0,
                      0
                    ],
                    "ix": 1
                  },
                  "s": {
                    "a": 0,
                    "k": [
                      300,
                      300
                    ],
                    "ix": 3
                  },
                  "r": {
                    "a": 0,
                    "k": 0,
                    "ix": 6
                  },
                  "o": {
                    "a": 0,
                    "k": 100,
                    "ix": 7
                  },
                  "sk": {
                    "a": 0,
                    "k": 0,
                    "ix": 4
                  },
                  "sa": {
                    "a": 0,
                    "k": 0,
                    "ix": 5
                  },
                  "nm": "Transform"
                }
              ],
              "nm": "Vector",
              "np": 2,
              "cix": 2,
              "bm": 0,
              "ix": 1,
              "mn": "ADBE Vector Group",
              "hd": false
            }
          ],
          "ip": 0,
          "op": 300,
          "st": 0,
          "bm": 0
        },
        {
          "ddd": 0,
          "ind": 2,
          "ty": 4,
          "nm": "Vector",
          "sr": 1,
          "ks": {
            "o": {
              "a": 0,
              "k": 100,
              "ix": 11
            },
            "r": {
              "a": 0,
              "k": 0,
              "ix": 10
            },
            "p": {
              "a": 0,
              "k": [
                178.53,
                477.177,
                0
              ],
              "ix": 2
            },
            "a": {
              "a": 0,
              "k": [
                0,
                0,
                0
              ],
              "ix": 1
            },
            "s": {
              "a": 0,
              "k": [
                100,
                100,
                100
              ],
              "ix": 6
            }
          },
          "ao": 0,
          "shapes": [
            {
              "ty": "gr",
              "it": [
                {
                  "ind": 0,
                  "ty": "sh",
                  "ix": 1,
                  "ks": {
                    "a": 0,
                    "k": {
                      "i": [
                        [
                          -1.826,
                          0
                        ],
                        [
                          0,
                          0
                        ],
                        [
                          0,
                          -1.83
                        ],
                        [
                          1.826,
                          0
                        ],
                        [
                          0,
                          0
                        ],
                        [
                          0,
                          1.83
                        ]
                      ],
                      "o": [
                        [
                          0,
                          0
                        ],
                        [
                          1.826,
                          0
                        ],
                        [
                          0,
                          1.83
                        ],
                        [
                          0,
                          0
                        ],
                        [
                          -1.826,
                          0
                        ],
                        [
                          0,
                          -1.83
                        ]
                      ],
                      "v": [
                        [
                          -56.204,
                          -3.314
                        ],
                        [
                          56.204,
                          -3.314
                        ],
                        [
                          59.51,
                          0
                        ],
                        [
                          56.204,
                          3.314
                        ],
                        [
                          -56.204,
                          3.314
                        ],
                        [
                          -59.51,
                          0
                        ]
                      ],
                      "c": true
                    },
                    "ix": 2
                  },
                  "nm": "Path 1",
                  "mn": "ADBE Vector Shape - Group",
                  "hd": false
                },
                {
                  "ty": "fl",
                  "c": {
                    "a": 0,
                    "k": [
                      0.768627464771,
                      0.768627464771,
                      0.768627464771,
                      1
                    ],
                    "ix": 4
                  },
                  "o": {
                    "a": 0,
                    "k": 100,
                    "ix": 5
                  },
                  "r": 1,
                  "bm": 0,
                  "nm": "Fill 1",
                  "mn": "ADBE Vector Graphic - Fill",
                  "hd": false
                },
                {
                  "ty": "tr",
                  "p": {
                    "a": 0,
                    "k": [
                      0,
                      0
                    ],
                    "ix": 2
                  },
                  "a": {
                    "a": 0,
                    "k": [
                      0,
                      0
                    ],
                    "ix": 1
                  },
                  "s": {
                    "a": 0,
                    "k": [
                      300,
                      300
                    ],
                    "ix": 3
                  },
                  "r": {
                    "a": 0,
                    "k": 0,
                    "ix": 6
                  },
                  "o": {
                    "a": 0,
                    "k": 100,
                    "ix": 7
                  },
                  "sk": {
                    "a": 0,
                    "k": 0,
                    "ix": 4
                  },
                  "sa": {
                    "a": 0,
                    "k": 0,
                    "ix": 5
                  },
                  "nm": "Transform"
                }
              ],
              "nm": "Vector",
              "np": 2,
              "cix": 2,
              "bm": 0,
              "ix": 1,
              "mn": "ADBE Vector Group",
              "hd": false
            }
          ],
          "ip": 0,
          "op": 300,
          "st": 0,
          "bm": 0
        },
        {
          "ddd": 0,
          "ind": 3,
          "ty": 4,
          "nm": "Vector",
          "sr": 1,
          "ks": {
            "o": {
              "a": 0,
              "k": 100,
              "ix": 11
            },
            "r": {
              "a": 0,
              "k": 0,
              "ix": 10
            },
            "p": {
              "a": 0,
              "k": [
                178.53,
                740.618,
                0
              ],
              "ix": 2
            },
            "a": {
              "a": 0,
              "k": [
                0,
                0,
                0
              ],
              "ix": 1
            },
            "s": {
              "a": 0,
              "k": [
                100,
                100,
                100
              ],
              "ix": 6
            }
          },
          "ao": 0,
          "shapes": [
            {
              "ty": "gr",
              "it": [
                {
                  "ind": 0,
                  "ty": "sh",
                  "ix": 1,
                  "ks": {
                    "a": 0,
                    "k": {
                      "i": [
                        [
                          0,
                          0
                        ],
                        [
                          0,
                          0
                        ],
                        [
                          0,
                          0
                        ],
                        [
                          0,
                          0
                        ]
                      ],
                      "o": [
                        [
                          0,
                          0
                        ],
                        [
                          0,
                          0
                        ],
                        [
                          0,
                          0
                        ],
                        [
                          0,
                          0
                        ]
                      ],
                      "v": [
                        [
                          -23.143,
                          -44.736
                        ],
                        [
                          23.143,
                          -44.736
                        ],
                        [
                          23.143,
                          44.736
                        ],
                        [
                          -23.143,
                          44.736
                        ]
                      ],
                      "c": true
                    },
                    "ix": 2
                  },
                  "nm": "Path 1",
                  "mn": "ADBE Vector Shape - Group",
                  "hd": false
                },
                {
                  "ty": "fl",
                  "c": {
                    "a": 0,
                    "k": [
                      1,
                      1,
                      1,
                      1
                    ],
                    "ix": 4
                  },
                  "o": {
                    "a": 0,
                    "k": 100,
                    "ix": 5
                  },
                  "r": 1,
                  "bm": 0,
                  "nm": "Fill 1",
                  "mn": "ADBE Vector Graphic - Fill",
                  "hd": false
                },
                {
                  "ty": "tr",
                  "p": {
                    "a": 0,
                    "k": [
                      0,
                      0
                    ],
                    "ix": 2
                  },
                  "a": {
                    "a": 0,
                    "k": [
                      0,
                      0
                    ],
                    "ix": 1
                  },
                  "s": {
                    "a": 0,
                    "k": [
                      300,
                      300
                    ],
                    "ix": 3
                  },
                  "r": {
                    "a": 0,
                    "k": 0,
                    "ix": 6
                  },
                  "o": {
                    "a": 0,
                    "k": 100,
                    "ix": 7
                  },
                  "sk": {
                    "a": 0,
                    "k": 0,
                    "ix": 4
                  },
                  "sa": {
                    "a": 0,
                    "k": 0,
                    "ix": 5
                  },
                  "nm": "Transform"
                }
              ],
              "nm": "Vector",
              "np": 2,
              "cix": 2,
              "bm": 0,
              "ix": 1,
              "mn": "ADBE Vector Group",
              "hd": false
            }
          ],
          "ip": 0,
          "op": 300,
          "st": 0,
          "bm": 0
        },
        {
          "ddd": 0,
          "ind": 4,
          "ty": 4,
          "nm": "Vector",
          "sr": 1,
          "ks": {
            "o": {
              "a": 0,
              "k": 100,
              "ix": 11
            },
            "r": {
              "a": 0,
              "k": 0,
              "ix": 10
            },
            "p": {
              "a": 0,
              "k": [
                178.532,
                740.619,
                0
              ],
              "ix": 2
            },
            "a": {
              "a": 0,
              "k": [
                0,
                0,
                0
              ],
              "ix": 1
            },
            "s": {
              "a": 0,
              "k": [
                100,
                100,
                100
              ],
              "ix": 6
            }
          },
          "ao": 0,
          "shapes": [
            {
              "ty": "gr",
              "it": [
                {
                  "ind": 0,
                  "ty": "sh",
                  "ix": 1,
                  "ks": {
                    "a": 0,
                    "k": {
                      "i": [
                        [
                          0,
                          0
                        ],
                        [
                          0,
                          0
                        ],
                        [
                          0,
                          0
                        ],
                        [
                          0,
                          0
                        ]
                      ],
                      "o": [
                        [
                          0,
                          0
                        ],
                        [
                          0,
                          0
                        ],
                        [
                          0,
                          0
                        ],
                        [
                          0,
                          0
                        ]
                      ],
                      "v": [
                        [
                          -56.204,
                          -84.5
                        ],
                        [
                          56.204,
                          -84.5
                        ],
                        [
                          56.204,
                          84.5
                        ],
                        [
                          -56.204,
                          84.5
                        ]
                      ],
                      "c": true
                    },
                    "ix": 2
                  },
                  "nm": "Path 1",
                  "mn": "ADBE Vector Shape - Group",
                  "hd": false
                },
                {
                  "ty": "fl",
                  "c": {
                    "a": 0,
                    "k": [
                      0.329411774874,
                      0.694117665291,
                      0.847058832645,
                      1
                    ],
                    "ix": 4
                  },
                  "o": {
                    "a": 0,
                    "k": 100,
                    "ix": 5
                  },
                  "r": 1,
                  "bm": 0,
                  "nm": "Fill 1",
                  "mn": "ADBE Vector Graphic - Fill",
                  "hd": false
                },
                {
                  "ty": "tr",
                  "p": {
                    "a": 0,
                    "k": [
                      0,
                      0
                    ],
                    "ix": 2
                  },
                  "a": {
                    "a": 0,
                    "k": [
                      0,
                      0
                    ],
                    "ix": 1
                  },
                  "s": {
                    "a": 0,
                    "k": [
                      300,
                      300
                    ],
                    "ix": 3
                  },
                  "r": {
                    "a": 0,
                    "k": 0,
                    "ix": 6
                  },
                  "o": {
                    "a": 0,
                    "k": 100,
                    "ix": 7
                  },
                  "sk": {
                    "a": 0,
                    "k": 0,
                    "ix": 4
                  },
                  "sa": {
                    "a": 0,
                    "k": 0,
                    "ix": 5
                  },
                  "nm": "Transform"
                }
              ],
              "nm": "Vector",
              "np": 2,
              "cix": 2,
              "bm": 0,
              "ix": 1,
              "mn": "ADBE Vector Group",
              "hd": false
            }
          ],
          "ip": 0,
          "op": 300,
          "st": 0,
          "bm": 0
        }
      ]
    },
    {
      "id": "comp_3",
      "layers": [
        {
          "ddd": 0,
          "ind": 1,
          "ty": 4,
          "nm": "Vector",
          "sr": 1,
          "ks": {
            "o": {
              "a": 0,
              "k": 100,
              "ix": 11
            },
            "r": {
              "a": 0,
              "k": 0,
              "ix": 10
            },
            "p": {
              "a": 0,
              "k": [
                793.466,
                536.823,
                0
              ],
              "ix": 2
            },
            "a": {
              "a": 0,
              "k": [
                0,
                0,
                0
              ],
              "ix": 1
            },
            "s": {
              "a": 0,
              "k": [
                100,
                100,
                100
              ],
              "ix": 6
            }
          },
          "ao": 0,
          "shapes": [
            {
              "ty": "gr",
              "it": [
                {
                  "ind": 0,
                  "ty": "sh",
                  "ix": 1,
                  "ks": {
                    "a": 0,
                    "k": {
                      "i": [
                        [
                          -1.826,
                          0
                        ],
                        [
                          0,
                          0
                        ],
                        [
                          0,
                          -1.83
                        ],
                        [
                          1.826,
                          0
                        ],
                        [
                          0,
                          0
                        ],
                        [
                          0,
                          1.83
                        ]
                      ],
                      "o": [
                        [
                          0,
                          0
                        ],
                        [
                          1.826,
                          0
                        ],
                        [
                          0,
                          1.83
                        ],
                        [
                          0,
                          0
                        ],
                        [
                          -1.826,
                          0
                        ],
                        [
                          0,
                          -1.83
                        ]
                      ],
                      "v": [
                        [
                          -56.204,
                          -3.314
                        ],
                        [
                          56.204,
                          -3.314
                        ],
                        [
                          59.51,
                          0
                        ],
                        [
                          56.204,
                          3.314
                        ],
                        [
                          -56.204,
                          3.314
                        ],
                        [
                          -59.51,
                          0
                        ]
                      ],
                      "c": true
                    },
                    "ix": 2
                  },
                  "nm": "Path 1",
                  "mn": "ADBE Vector Shape - Group",
                  "hd": false
                },
                {
                  "ty": "fl",
                  "c": {
                    "a": 0,
                    "k": [
                      0.768627464771,
                      0.768627464771,
                      0.768627464771,
                      1
                    ],
                    "ix": 4
                  },
                  "o": {
                    "a": 0,
                    "k": 100,
                    "ix": 5
                  },
                  "r": 1,
                  "bm": 0,
                  "nm": "Fill 1",
                  "mn": "ADBE Vector Graphic - Fill",
                  "hd": false
                },
                {
                  "ty": "tr",
                  "p": {
                    "a": 0,
                    "k": [
                      0,
                      0
                    ],
                    "ix": 2
                  },
                  "a": {
                    "a": 0,
                    "k": [
                      0,
                      0
                    ],
                    "ix": 1
                  },
                  "s": {
                    "a": 0,
                    "k": [
                      300,
                      300
                    ],
                    "ix": 3
                  },
                  "r": {
                    "a": 0,
                    "k": 0,
                    "ix": 6
                  },
                  "o": {
                    "a": 0,
                    "k": 100,
                    "ix": 7
                  },
                  "sk": {
                    "a": 0,
                    "k": 0,
                    "ix": 4
                  },
                  "sa": {
                    "a": 0,
                    "k": 0,
                    "ix": 5
                  },
                  "nm": "Transform"
                }
              ],
              "nm": "Vector",
              "np": 2,
              "cix": 2,
              "bm": 0,
              "ix": 1,
              "mn": "ADBE Vector Group",
              "hd": false
            }
          ],
          "ip": 0,
          "op": 300,
          "st": 0,
          "bm": 0
        },
        {
          "ddd": 0,
          "ind": 2,
          "ty": 4,
          "nm": "Vector",
          "sr": 1,
          "ks": {
            "o": {
              "a": 0,
              "k": 100,
              "ix": 11
            },
            "r": {
              "a": 0,
              "k": 0,
              "ix": 10
            },
            "p": {
              "a": 0,
              "k": [
                793.466,
                9.941,
                0
              ],
              "ix": 2
            },
            "a": {
              "a": 0,
              "k": [
                0,
                0,
                0
              ],
              "ix": 1
            },
            "s": {
              "a": 0,
              "k": [
                100,
                100,
                100
              ],
              "ix": 6
            }
          },
          "ao": 0,
          "shapes": [
            {
              "ty": "gr",
              "it": [
                {
                  "ind": 0,
                  "ty": "sh",
                  "ix": 1,
                  "ks": {
                    "a": 0,
                    "k": {
                      "i": [
                        [
                          -1.826,
                          0
                        ],
                        [
                          0,
                          0
                        ],
                        [
                          0,
                          -1.83
                        ],
                        [
                          1.826,
                          0
                        ],
                        [
                          0,
                          0
                        ],
                        [
                          0,
                          1.83
                        ]
                      ],
                      "o": [
                        [
                          0,
                          0
                        ],
                        [
                          1.826,
                          0
                        ],
                        [
                          0,
                          1.83
                        ],
                        [
                          0,
                          0
                        ],
                        [
                          -1.826,
                          0
                        ],
                        [
                          0,
                          -1.83
                        ]
                      ],
                      "v": [
                        [
                          -56.204,
                          -3.314
                        ],
                        [
                          56.204,
                          -3.314
                        ],
                        [
                          59.51,
                          0
                        ],
                        [
                          56.204,
                          3.314
                        ],
                        [
                          -56.204,
                          3.314
                        ],
                        [
                          -59.51,
                          0
                        ]
                      ],
                      "c": true
                    },
                    "ix": 2
                  },
                  "nm": "Path 1",
                  "mn": "ADBE Vector Shape - Group",
                  "hd": false
                },
                {
                  "ty": "fl",
                  "c": {
                    "a": 0,
                    "k": [
                      0.768627464771,
                      0.768627464771,
                      0.768627464771,
                      1
                    ],
                    "ix": 4
                  },
                  "o": {
                    "a": 0,
                    "k": 100,
                    "ix": 5
                  },
                  "r": 1,
                  "bm": 0,
                  "nm": "Fill 1",
                  "mn": "ADBE Vector Graphic - Fill",
                  "hd": false
                },
                {
                  "ty": "tr",
                  "p": {
                    "a": 0,
                    "k": [
                      0,
                      0
                    ],
                    "ix": 2
                  },
                  "a": {
                    "a": 0,
                    "k": [
                      0,
                      0
                    ],
                    "ix": 1
                  },
                  "s": {
                    "a": 0,
                    "k": [
                      300,
                      300
                    ],
                    "ix": 3
                  },
                  "r": {
                    "a": 0,
                    "k": 0,
                    "ix": 6
                  },
                  "o": {
                    "a": 0,
                    "k": 100,
                    "ix": 7
                  },
                  "sk": {
                    "a": 0,
                    "k": 0,
                    "ix": 4
                  },
                  "sa": {
                    "a": 0,
                    "k": 0,
                    "ix": 5
                  },
                  "nm": "Transform"
                }
              ],
              "nm": "Vector",
              "np": 2,
              "cix": 2,
              "bm": 0,
              "ix": 1,
              "mn": "ADBE Vector Group",
              "hd": false
            }
          ],
          "ip": 0,
          "op": 300,
          "st": 0,
          "bm": 0
        },
        {
          "ddd": 0,
          "ind": 3,
          "ty": 4,
          "nm": "Vector",
          "sr": 1,
          "ks": {
            "o": {
              "a": 0,
              "k": 100,
              "ix": 11
            },
            "r": {
              "a": 0,
              "k": 0,
              "ix": 10
            },
            "p": {
              "a": 0,
              "k": [
                793.47,
                273.383,
                0
              ],
              "ix": 2
            },
            "a": {
              "a": 0,
              "k": [
                0,
                0,
                0
              ],
              "ix": 1
            },
            "s": {
              "a": 0,
              "k": [
                100,
                100,
                100
              ],
              "ix": 6
            }
          },
          "ao": 0,
          "shapes": [
            {
              "ty": "gr",
              "it": [
                {
                  "ind": 0,
                  "ty": "sh",
                  "ix": 1,
                  "ks": {
                    "a": 0,
                    "k": {
                      "i": [
                        [
                          0,
                          0
                        ],
                        [
                          0,
                          0
                        ],
                        [
                          0,
                          0
                        ],
                        [
                          0,
                          0
                        ]
                      ],
                      "o": [
                        [
                          0,
                          0
                        ],
                        [
                          0,
                          0
                        ],
                        [
                          0,
                          0
                        ],
                        [
                          0,
                          0
                        ]
                      ],
                      "v": [
                        [
                          -23.143,
                          -44.735
                        ],
                        [
                          23.143,
                          -44.735
                        ],
                        [
                          23.143,
                          44.735
                        ],
                        [
                          -23.143,
                          44.735
                        ]
                      ],
                      "c": true
                    },
                    "ix": 2
                  },
                  "nm": "Path 1",
                  "mn": "ADBE Vector Shape - Group",
                  "hd": false
                },
                {
                  "ty": "fl",
                  "c": {
                    "a": 0,
                    "k": [
                      1,
                      1,
                      1,
                      1
                    ],
                    "ix": 4
                  },
                  "o": {
                    "a": 0,
                    "k": 100,
                    "ix": 5
                  },
                  "r": 1,
                  "bm": 0,
                  "nm": "Fill 1",
                  "mn": "ADBE Vector Graphic - Fill",
                  "hd": false
                },
                {
                  "ty": "tr",
                  "p": {
                    "a": 0,
                    "k": [
                      0,
                      0
                    ],
                    "ix": 2
                  },
                  "a": {
                    "a": 0,
                    "k": [
                      0,
                      0
                    ],
                    "ix": 1
                  },
                  "s": {
                    "a": 0,
                    "k": [
                      300,
                      300
                    ],
                    "ix": 3
                  },
                  "r": {
                    "a": 0,
                    "k": 0,
                    "ix": 6
                  },
                  "o": {
                    "a": 0,
                    "k": 100,
                    "ix": 7
                  },
                  "sk": {
                    "a": 0,
                    "k": 0,
                    "ix": 4
                  },
                  "sa": {
                    "a": 0,
                    "k": 0,
                    "ix": 5
                  },
                  "nm": "Transform"
                }
              ],
              "nm": "Vector",
              "np": 2,
              "cix": 2,
              "bm": 0,
              "ix": 1,
              "mn": "ADBE Vector Group",
              "hd": false
            }
          ],
          "ip": 0,
          "op": 300,
          "st": 0,
          "bm": 0
        },
        {
          "ddd": 0,
          "ind": 4,
          "ty": 4,
          "nm": "Vector",
          "sr": 1,
          "ks": {
            "o": {
              "a": 0,
              "k": 100,
              "ix": 11
            },
            "r": {
              "a": 0,
              "k": 0,
              "ix": 10
            },
            "p": {
              "a": 0,
              "k": [
                793.462,
                273.384,
                0
              ],
              "ix": 2
            },
            "a": {
              "a": 0,
              "k": [
                0,
                0,
                0
              ],
              "ix": 1
            },
            "s": {
              "a": 0,
              "k": [
                100,
                100,
                100
              ],
              "ix": 6
            }
          },
          "ao": 0,
          "shapes": [
            {
              "ty": "gr",
              "it": [
                {
                  "ind": 0,
                  "ty": "sh",
                  "ix": 1,
                  "ks": {
                    "a": 0,
                    "k": {
                      "i": [
                        [
                          0,
                          0
                        ],
                        [
                          0,
                          0
                        ],
                        [
                          0,
                          0
                        ],
                        [
                          0,
                          0
                        ]
                      ],
                      "o": [
                        [
                          0,
                          0
                        ],
                        [
                          0,
                          0
                        ],
                        [
                          0,
                          0
                        ],
                        [
                          0,
                          0
                        ]
                      ],
                      "v": [
                        [
                          -56.204,
                          -84.5
                        ],
                        [
                          56.204,
                          -84.5
                        ],
                        [
                          56.204,
                          84.5
                        ],
                        [
                          -56.204,
                          84.5
                        ]
                      ],
                      "c": true
                    },
                    "ix": 2
                  },
                  "nm": "Path 1",
                  "mn": "ADBE Vector Shape - Group",
                  "hd": false
                },
                {
                  "ty": "fl",
                  "c": {
                    "a": 0,
                    "k": [
                      0.35686275363,
                      0.647058844566,
                      0.243137255311,
                      1
                    ],
                    "ix": 4
                  },
                  "o": {
                    "a": 0,
                    "k": 100,
                    "ix": 5
                  },
                  "r": 1,
                  "bm": 0,
                  "nm": "Fill 1",
                  "mn": "ADBE Vector Graphic - Fill",
                  "hd": false
                },
                {
                  "ty": "tr",
                  "p": {
                    "a": 0,
                    "k": [
                      0,
                      0
                    ],
                    "ix": 2
                  },
                  "a": {
                    "a": 0,
                    "k": [
                      0,
                      0
                    ],
                    "ix": 1
                  },
                  "s": {
                    "a": 0,
                    "k": [
                      300,
                      300
                    ],
                    "ix": 3
                  },
                  "r": {
                    "a": 0,
                    "k": 0,
                    "ix": 6
                  },
                  "o": {
                    "a": 0,
                    "k": 100,
                    "ix": 7
                  },
                  "sk": {
                    "a": 0,
                    "k": 0,
                    "ix": 4
                  },
                  "sa": {
                    "a": 0,
                    "k": 0,
                    "ix": 5
                  },
                  "nm": "Transform"
                }
              ],
              "nm": "Vector",
              "np": 2,
              "cix": 2,
              "bm": 0,
              "ix": 1,
              "mn": "ADBE Vector Group",
              "hd": false
            }
          ],
          "ip": 0,
          "op": 300,
          "st": 0,
          "bm": 0
        }
      ]
    }
  ],
  "layers": [
    {
      "ddd": 0,
      "ind": 1,
      "ty": 0,
      "nm": "Pre-comp 2",
      "refId": "comp_0",
      "sr": 1,
      "ks": {
        "o": {
          "a": 1,
          "k": [
            {
              "i": {
                "x": [
                  0.833
                ],
                "y": [
                  0.833
                ]
              },
              "o": {
                "x": [
                  0.167
                ],
                "y": [
                  0.167
                ]
              },
              "t": 45,
              "s": [
                0
              ]
            },
            {
              "i": {
                "x": [
                  0.833
                ],
                "y": [
                  0.833
                ]
              },
              "o": {
                "x": [
                  0.167
                ],
                "y": [
                  0.167
                ]
              },
              "t": 60,
              "s": [
                100
              ]
            },
            {
              "i": {
                "x": [
                  0.833
                ],
                "y": [
                  0.833
                ]
              },
              "o": {
                "x": [
                  0.167
                ],
                "y": [
                  0.167
                ]
              },
              "t": 80,
              "s": [
                0
              ]
            },
            {
              "i": {
                "x": [
                  0.833
                ],
                "y": [
                  0.833
                ]
              },
              "o": {
                "x": [
                  0.167
                ],
                "y": [
                  0.167
                ]
              },
              "t": 100,
              "s": [
                100
              ]
            },
            {
              "t": 115,
              "s": [
                0
              ]
            }
          ],
          "ix": 11
        },
        "r": {
          "a": 0,
          "k": 0,
          "ix": 10
        },
        "p": {
          "a": 0,
          "k": [
            486,
            507,
            0
          ],
          "ix": 2
        },
        "a": {
          "a": 0,
          "k": [
            486,
            507,
            0
          ],
          "ix": 1
        },
        "s": {
          "a": 0,
          "k": [
            100,
            100,
            100
          ],
          "ix": 6
        }
      },
      "ao": 0,
      "w": 972,
      "h": 1014,
      "ip": 0,
      "op": 300,
      "st": 0,
      "bm": 0
    },
    {
      "ddd": 0,
      "ind": 2,
      "ty": 0,
      "nm": "Pre-comp 4",
      "refId": "comp_1",
      "sr": 1,
      "ks": {
        "o": {
          "a": 0,
          "k": 100,
          "ix": 11
        },
        "r": {
          "a": 1,
          "k": [
            {
              "i": {
                "x": [
                  0.524
                ],
                "y": [
                  1
                ]
              },
              "o": {
                "x": [
                  0.333
                ],
                "y": [
                  0
                ]
              },
              "t": 125,
              "s": [
                0
              ]
            },
            {
              "t": 150,
              "s": [
                180
              ]
            }
          ],
          "ix": 10
        },
        "p": {
          "a": 0,
          "k": [
            486,
            507,
            0
          ],
          "ix": 2
        },
        "a": {
          "a": 0,
          "k": [
            486,
            507,
            0
          ],
          "ix": 1
        },
        "s": {
          "a": 0,
          "k": [
            100,
            100,
            100
          ],
          "ix": 6
        }
      },
      "ao": 0,
      "w": 972,
      "h": 1014,
      "ip": 0,
      "op": 300,
      "st": 0,
      "bm": 0
    }
  ],
  "markers": []
}