{
  "optionList" : [
    {
      "id": 0,
      "name": "Classic Back",
      "name_ar" : "ظهر عادي",
      "dbname" : "classic_back",
      "pic" : "picrefgoeshere",
      "price" : 0.00,
      "active" : 0,
      "parentID" : -1
    },
    {
      "id": 1,
      "name": "Cowboy Back",
      "name_ar" : "ظهر مثني النص",
      "dbname" : "classic_back",
      "pic" : "picrefgoeshere",
      "price" : 0.00,
      "active" : 0,
      "parentID" : -1
    },
    {
      "id": 2,
      "name": "Split Back",
      "name_ar" : "ظهر مثني الأطراف",
      "dbname" : "split_back",
      "pic" : "picrefgoeshere",
      "price" : 0.00,
      "active" : 0,
      "parentID" : -1
    }

  ]

}
