{
  "optionList" : [
    {
      "id": 0,
      "name": "Band Collar",
      "name_ar" : "صيني مفتوح",
      "dbname": "band_collar",
      "pic" : "picrefgoeshere",
      "price" : 0.00,
      "active" : 0,
      "parentID" : -1
    },
    {
      "id": 1,
      "name": "Business Collar",
      "name_ar" : "قلاب",
      "dbname": "business_collar",
      "pic" : "picrefgoeshere",
      "price" : 0.00,
      "active" : 0,
      "parentID" : -1
    },
    {
      "id": 2,
      "name": "Curved Collar",
      "name_ar" : "صيني مفتوح مائل",
      "dbname": "curved_collar",
      "pic" : "picrefgoeshere",
      "price" : 0.00,
      "active" : 0,
      "parentID" : -1
    },
    {
      "id": 3,
      "name": "Mandarin Single",
      "name_ar" : "صيني زر واحد",
      "dbname": "mandarin_single_collar",
      "pic" : "picrefgoeshere",
      "price" : 0.00,
      "active" : 0,
      "parentID" : -1
    },
    {
      "id": 4,
      "name": "Mandarin Double",
      "name_ar" : "صيني زرين",
      "dbname": "mandarin_double_collar",
      "pic" : "picrefgoeshere",
      "price" : 0.00,
      "active" : 0,
      "parentID" : -1
    }

  ]

}
