{
  "optionList" : [
    {
      "id": 0,
      "name": "Collar Contrast",
      "name_ar" : "",
      "dbname": "collar_contrast",
      "pic" : "picrefgoeshere",
      "price" : 0.00,
      "active" : 0,
      "parentID" : -1
    },
    {
      "id": 1,
      "name": "Contrast Collar Lining",
      "name_ar" : "",
      "dbname": "collar_lining_contrast",
      "pic" : "picrefgoeshere",
      "price" : 0.00,
      "active" : 0,
      "parentID" : -1
    },
    {
      "id": 2,
      "name": "Contrast Cuffs",
      "name_ar" : "",
      "dbname": "cuffs_contrast",
      "pic" : "picrefgoeshere",
      "price" : 0.00,
      "active" : 0,
      "parentID" : -1
    },
    {
      "id": 3,
      "name": "Contrast Inside Collar",
      "name_ar" : "",
      "dbname": "collar_inside_contrast",
      "pic" : "picrefgoeshere",
      "price" : 0.00,
      "active" : 0,
      "parentID" : -1
    },{
      "id": 4,
      "name": "Contrast Inside Cuffs",
      "name_ar" : "",
      "dbname": "cuffs_inside_contrast",
      "pic" : "picrefgoeshere",
      "price" : 0.00,
      "active" : 0,
      "parentID" : -1
    },
    {
      "id": 5,
      "name": "Constrast Inside Placket",
      "name_ar" : "",
      "dbname": "placket_inside_contrast",
      "pic" : "picrefgoeshere",
      "price" : 0.00,
      "active" : 0,
      "parentID" : -1
    },
    {
      "id": 6,
      "name": "Contrast Placket",
      "name_ar" : "",
      "dbname": "placket_contrast",
      "pic" : "picrefgoeshere",
      "price" : 0.00,
      "active" : 0,
      "parentID" : -1
    }


  ]

}
