{
  "optionList" : [

    {
      "id": 0,
      "name": "Simple Cuff",
      "name_ar" : "كم سادة",
      "dbname": "simple_cuff",
      "pic" : "picrefgoeshere",
      "price" : 0.00,
      "active" : 0,
      "parentID" : -1
    },
    {
      "id": 1,
      "name": "Classic Cuff",
      "name_ar" : "كبك",
      "dbname": "classic_cuff",
      "pic" : "picrefgoeshere",
      "price" : 0.00,
      "active" : 0,
      "parentID" : -1
    },
    {
      "id": 2,
      "name": "French Cuff",
      "name_ar" : "كبك فرنسي",
      "dbname": "french_cuff",
      "pic" : "picrefgoeshere",
      "price" : 0.00,
      "active" : 0,
      "parentID" : -1
    },{
      "id": 3,
      "name": "Urban Cuffs",
      "name_ar" : "كم ضاغط",
      "dbname": "urban_cuff",
      "pic" : "picrefgoeshere",
      "price" : 0.00,
      "active" : 0,
      "parentID" : -1
    },
    {
      "id": 4,
      "name": "Single Button",
      "name_ar" : "زر واحد",
      "dbname": "one_button_cuff",
      "pic" : "picrefgoeshere",
      "price" : 0.00,
      "active" : 0,
      "parentID" : -1
    },{
      "id": 5,
      "name": "Double Button",
      "name_ar" : "زرين",
      "dbname": "two_button_cuff",
      "pic" : "picrefgoeshere",
      "price" : 0.00,
      "active" : 0,
      "parentID" : -1
    },
    {
      "id": 6,
      "name": "Triple Button",
      "name_ar" : "ثلاث أزرار",
      "dbname": "three_button_cuff",
      "pic" : "picrefgoeshere",
      "price" : 0.00,
      "active" : 0,
      "parentID" : -1
    }


  ]

}
