{
  "optionList" : [
    {
      "id": 0,
      "name": "Snow White",
      "name_ar" : "ناصع البياض",
      "dbname": "show_white_fabric",
      "pic" : "picrefgoeshere",
      "price" : 0.00,
      "active" : 0,
      "parentID" : -1
    },
    {
      "id": 1,
      "name": "Off White",
      "name_ar" : "ابيض مطفي",
      "dbname": "off_white_fabric",
      "pic" : "picrefgoeshere",
      "price" : 0.00,
      "active" : 0,
      "parentID" : -1
    },
    {
      "id": 2,
      "name": "Blue White",
      "name_ar" : "ابيض مائل للأزرق",
      "dbname": "blue_white_fabric",
      "pic" : "picrefgoeshere",
      "price" : 0.00,
      "active" : 0,
      "parentID" : -1
    },{
      "id": 3,
      "name": "Cream",
      "name_ar" : "حليبي",
      "dbname": "cream_fabric",
      "pic" : "picrefgoeshere",
      "price" : 0.00,
      "active" : 0,
      "parentID" : -1
    },
    {
      "id": 4,
      "name": "White",
      "name_ar" : "أبيض",
      "dbname": "white_fabric",
      "pic" : "picrefgoeshere",
      "price" : 0.00,
      "active" : 0,
      "parentID" : -1
    },
    {
      "id": 5,
      "name": "Light Brown",
      "name_ar" : "بني فاتح",
      "dbname": "light_brown_fabric",
      "pic" : "picrefgoeshere",
      "price" : 0.00,
      "active" : 0,
      "parentID" : -1
    },
    {
      "id": 6,
      "name": "Brown",
      "name_ar" : "بني",
      "dbname": "brown_fabric",
      "pic" : "picrefgoeshere",
      "price" : 0.00,
      "active" : 0,
      "parentID" : -1
    },
    {
      "id": 7,
      "name": "Dark Brown",
      "name_ar" : "بني غمق",
      "dbname": "dark_brown_fabric",
      "pic" : "picrefgoeshere",
      "price" : 0.00,
      "active" : 0,
      "parentID" : -1
    },
    {
      "id": 8,
      "name": "Grey",
      "name_ar" : "رمادي",
      "dbname": "grey_fabric",
      "pic" : "picrefgoeshere",
      "price" : 0.00,
      "active" : 0,
      "parentID" : -1
    },
    {
      "id": 9,
      "name": "Dark Grey",
      "name_ar" : "رمادي غامق",
      "dbname": "dark_grey_fabric",
      "pic" : "picrefgoeshere",
      "price" : 0.00,
      "active" : 0,
      "parentID" : -1
    },
    {
      "id": 10,
      "name": "Black",
      "name_ar" : "أسود",
      "dbname": "black_fabric",
      "pic" : "picrefgoeshere",
      "price" : 0.00,
      "active" : 0,
      "parentID" : -1
    }

  ]

}
