{
  "optionList" : [
    {
      "id": 0,
      "name": "Classic Front",
      "name_ar" : "",
      "dbname": "classic_front",
      "pic" : "picrefgoeshere",
      "price" : 0.00,
      "active" : 0,
      "parentID" : -1
    },
    {
      "id": 1,
      "name": "Cowboy Front",
      "name_ar" : "",
      "dbname": "cowboy_front",
      "pic" : "picrefgoeshere",
      "price" : 0.00,
      "active" : 0,
      "parentID" : -1
    },
    {
      "id": 2,
      "name": "Square Front",
      "name_ar" : "",
      "dbname": "square_front",
      "pic" : "picrefgoeshere",
      "price" : 0.00,
      "active" : 0,
      "parentID" : -1
    }
    


  ]

}
