{
  "optionList" : [
    {
      "id": 0,
      "name": "Classic Placket",
      "name_ar" : "أزرار ظاهرة",
      "dbname": "simple_classic_placket",
      "pic" : "picrefgoeshere",
      "price" : 0.00,
      "active" : 0,
      "parentID" : -1
    },
    {
      "id":1,
      "name": "Hidden Placket",
      "name_ar" : "أزرار محفية",
      "dbname": "simple_hidden_placket",
      "pic" : "picrefgoeshere",
      "price" : 0.00,
      "active" : 0,
      "parentID" : -1
    },
    {
      "id": 2,
      "name": "Zipper Placket",
      "name_ar" : "سحاب",
      "dbname": "zipper_placket",
      "pic" : "picrefgoeshere",
      "price" : 0.00,
      "active" : 0,
      "parentID" : -1
    }

  ]

}
