{
  "optionList" : [
    {
      "id": 0,
      "name": "Box Pleat",
      "name_ar" : "",
      "dbname": "box_pleat",
      "pic" : "picrefgoeshere",
      "price" : 0.00,
      "active" : 0,
      "parentID" : -1
    },
    {
      "id": 1,
      "name": "Inverted Pleat",
      "name_ar" : "",
      "dbname": "inverted_pleat",
      "pic" : "picrefgoeshere",
      "price" : 0.00,
      "active" : 0,
      "parentID" : -1
    },
    {
      "id": 2,
      "name": "Side Pleat",
      "name_ar" : "",
      "dbname": "side_pleat",
      "pic" : "picrefgoeshere",
      "price" : 0.00,
      "active" : 0,
      "parentID" : -1
    }

  ]

}
