{
  "optionList" : [

    {
      "id": 0,
      "name": "Inclined Pocket",
      "name_ar" : "جيب مائل للجنب",
      "dbname": "inclined_pocket",
      "pic" : "picrefgoeshere",
      "price" : 0.00,
      "active" : 0,
      "parentID" : -1
    },{
      "id": 1,
      "name": "Pointed Pocket",
      "name_ar" : "جيب مقمم",
      "dbname": "pointed_pocket",
      "pic" : "picrefgoeshere",
      "price" : 0.00,
      "active" : 0,
      "parentID" : -1
    },
    {
      "id": 2,
      "name": "Round Pocket",
      "name_ar" : "جيب خفيف الزوايا",
      "dbname": "round_pocket",
      "pic" : "picrefgoeshere",
      "price" : 0.00,
      "active" : 0,
      "parentID" : -1
    },
    {
      "id": 3,
      "name": "No Flap",
      "name_ar" : "جيب مربع",
      "dbname": "no_flap",
      "pic" : "picrefgoeshere",
      "price" : 0.00,
      "active" : 0,
      "parentID" : -1
    },
    {
      "id": 4,
      "name": "Pointed Flap",
      "name_ar" : "جيب بزر",
      "dbname": "point_pocket_flap",
      "pic" : "picrefgoeshere",
      "price" : 0.00,
      "active" : 0,
      "parentID" : -1
    }

  ]

}
