{
  "optionList" : [

    {
      "id": 0,
      "name": "Simple Double Pocket",
      "name_ar" : "جيوب عادية",
      "dbname": "simple_double_spocket",
      "pic" : "picrefgoeshere",
      "price" : 0.00,
      "active" : 0,
      "parentID" : -1
    },{
      "id": 1,
      "name": "Simple Zipper Pocket",
      "name_ar" : "جيوب سحاب",
      "dbname": "simple_zipper_spocket",
      "pic" : "picrefgoeshere",
      "price" : 0.00,
      "active" : 0,
      "parentID" : -1
    }

  ]

}
