{
  "optionList" : [
    {
      "id": 0,
      "name": "Saudi",
      "name_ar" : "سعودي",
      "dbname": "saudi_style",
      "pic" : "picrefgoeshere",
      "price" : 0.00,
      "active" : 0,
      "parentID" : -1
    },
    {
      "id": 1,
      "name": "Emarati",
      "name_ar" : "إماراتي",
      "dbname": "emarati_style",
      "pic" : "picrefgoeshere",
      "price" : 0.00,
      "active" : 0,
      "parentID" : -1
    },
    {
      "id": 2,
      "name": "Bahraini",
      "name_ar" : "بحريني",
      "dbname": "bahraini_style",
      "pic" : "picrefgoeshere",
      "price" : 0.00,
      "active" : 0,
      "parentID" : -1
    },
    {
      "id": 3,
      "name": "Omani",
      "name_ar" : "عماني",
      "dbname": "omani_style",
      "pic" : "picrefgoeshere",
      "price" : 0.00,
      "active" : 0,
      "parentID" : -1
    },
    {
      "id": 4,
      "name": "Kuwaiti",
      "name_ar" : "كويتي",
      "dbname": "kuwaiti_style",
      "pic" : "picrefgoeshere",
      "price" : 0.00,
      "active" : 0,
      "parentID" : -1
    }

  ]

}
