[
  {
    "doc_id": "91293",
    "title": "Passport",
    "sort": 1,
    "is_required": true,
    "sub": [
      {
        "sort": 1,
        "title": "Front Side",
        "tip": "this is tip for user",
        "description": "You should have valid passport",
        "sub_id": "7129381",
        "label": "Please put your passport at front side",
        "placehoder_url": "https://backet.jo/image/p.jpg",
        "file_exts": [
          "pdf",
          "gif",
          "mp4"
        ]
      },
      {
        "title": "Back Side",
        "tip": "this is tip for user",
        "sub_id": "827392",
        "sort": 2,
        "label": "Please put your passport at back side",
        "description": "You should have valid passport",
        "placehoder_url": "https://backet.jo/image/p.jpg",
        "file_exts": [
          "pdf",
          "gif",
          "mp4"
        ]
      }
    ]
  },
  {
    "doc_id": "91293",
    "title": "Self",
    "sort": 1,
    "is_required": true,
    "sub": [
      {
        "sub_id": "7129381",
        "sort": 1,
        "title": "Your Face",
        "label": "Please put your passport at front side",
        "description": "You should have valid passport",
        "placehoder_url": "https://backet.jo/image/p.jpg",
        "file_exts": [
          "pdf",
          "gif",
          "mp4"
        ],
        "tip": "this is tip for user"
      }
    ]
  }
]