<?xml version="1.0" encoding="UTF-8"?>
<project xsi:schemaLocation="http://maven.apache.org/POM/4.0.0 http://maven.apache.org/xsd/maven-4.0.0.xsd" xmlns="http://maven.apache.org/POM/4.0.0"
    xmlns:xsi="http://www.w3.org/2001/XMLSchema-instance">
  <modelVersion>4.0.0</modelVersion>
  <groupId>com.shamanland</groupId>
  <artifactId>fonticon</artifactId>
  <version>0.1.8</version>
  <packaging>aar</packaging>
  <name>FontIcon Library</name>
  <description>A simple implementation of the font-based icons for Android</description>
  <url>http://shamanland.github.io/fonticon</url>
  <licenses>
    <license>
      <name>The Apache Software License, Version 2.0</name>
      <url>http://www.apache.org/licenses/LICENSE-2.0.txt</url>
      <distribution>repo</distribution>
    </license>
  </licenses>
  <developers>
    <developer>
      <id>shomeser</id>
      <name>Oleksii Kropachov</name>
      <email>o.kropachov@shamanland.com</email>
    </developer>
  </developers>
  <scm>
    <connection>https://github.com/shamanland/fonticon.git</connection>
    <developerConnection>https://github.com/shamanland/fonticon.git</developerConnection>
    <url>https://github.com/shamanland/fonticon</url>
  </scm>
</project>
