{
  "customMessageBackgroundColor": "#dcd9ef",
  "sentMessageBackgroundColor": "#dcd9ef",
  "receivedMessageBackgroundColor": "#f0f0f0",
  "sendButtonBackgroundColor": "#382C70",
  "attachmentIconsBackgroundColor": "#382C70",
  "channelCustomMessageBgColor": "#dcd9ef",
  "sentContactMessageTextColor:": "#382C70",
  "receivedContactMessageTextColor": "#382C70",
  "sentMessageTextColor": "#000000",
  "receivedMessageTextColor": "#000000",
  "messageEditTextTextColor": "#000000",
  "sentMessageLinkTextColor": "#FFFFFFFF",
  "receivedMessageLinkTextColor": "#382C70",
  "messageEditTextHintTextColor": "#bdbdbd",
  "noConversationLabelTextColor": "#000000",
  "conversationDateTextColor": "#333333",
  "conversationDayTextColor": "#333333",
  "messageTimeTextColor": "#838b83",
  "channelCustomMessageTextColor": "#666666",
  "sentMessageBorderColor": "#dcd9ef",
  "receivedMessageBorderColor": "#f0f0f0",
  "channelCustomMessageBorderColor": "#dcd9ef",
  "collapsingToolbarLayoutColor": "#382C70",
  "groupParticipantsTextColor": "#382C70",
  "groupDeleteButtonBackgroundColor": "#382C70",
  "groupExitButtonBackgroundColor": "#382C70",
  "adminTextColor": "#382C70",
  "attachCameraIconName": "applozic_ic_action_camera_new",
  "adminBackgroundColor": "#FFFFFFFF",
  "adminBorderColor": "#382C70",
  "userNotAbleToChatTextColor": "#000000",
  "audioPermissionNotFoundMsg": "",
  "noConversationLabel": "You have no conversations",
  "noSearchFoundForChatMessages": "No conversation found",
  "disableGlobalStoragePermission" : false,
  "enableMessageFastScroll" : false,
  "totalRegisteredUserToFetch": 100,
  "maxAttachmentAllowed": 10,
  "maxAttachmentSizeAllowed": 30,
  "totalOnlineUsers": 0,
  "defaultGroupType": 2,
  "conversationContactImageVisibility": false,
  "locationShareViaMap": true,
  "startNewFloatingButton": false,
  "startNewButton": true,
  "onlineStatusMasterList": false,
  "startNewGroup": true,
  "imageCompression": false,
  "inviteFriendsInContactActivity": false,
  "registeredUserContactListCall": true,
  "createAnyContact": false,
  "showActionDialWithOutCalling": false,
  "profileLogoutButton": false,
  "userProfileFragment": true,
  "messageSearchOption": false,
  "hideGroupAddMembersButton": false,
  "hideGroupNameUpdateButton": false,
  "hideGroupExitButton": false,
  "hideGroupRemoveMemberOption": false,
  "profileOption": true,
  "broadcastOption": true,
  "restrictedWordMessage": " Please don't use restricted word",
  "hideAttachmentButton": false,
  "groupUsersOnlineStatus": false,
  "launchChatFromProfilePicOrName": false,
  "refreshOption": true,
  "deleteOption": true,
  "blockOption": true,
  "muteOption": true,
  "muteUserChatOption": true,
  "replyOption": true,
  "logoutOption": false,
  "showAllDeviceContacts": true,
  "poweredByApplozic": false,
  "logoutPackageName": "",
  "groupDeletePackageName": "",
  "enableImageCompression": false,
  "attachmentOptions": {
    ":location": true,
    ":camera": true,
    ":file": true,
    ":audio": true,
    ":video": true,
    ":contact": true
  },
  "editTextHintText:": "Write a Message..",
  "replyMessageLayoutSentMessageBackground": "#C0C0C0",
  "replyMessageLayoutReceivedMessageBackground": "#F5F5F5",
  "groupInfoScreenVisible": true,
  "forwardOption": true,
  "recordButton": true,
  "messageTemplate": {
    "isEnabled": false,
    "borderColor": "#382C70",
    "backgroundColor": "#FFFFFF",
    "hideOnSend": false,
    "sendMessageOnClick": true,
    "cornerRadius": 12,
    "textColor": "#382C70",
    "messageList": {
      "Greetings": "Hey",
      "Help?": "How may I help you?",
      "Email-Id": "May I know your emailId",
      "Company": "May I know your company name?",
      "Platform?": "Is this related to Android, iOS, or web?",
      "Doc?": "Did you follow our doc?"
    },
    "textMessageList": {
      "showOnSenderSide": false,
      "showOnReceiverSide": false,
      "sendMessageOnClick": false,
      "messageList": {
      }
    },
    "imageMessageList": {
      "showOnSenderSide": false,
      "sendMessageOnClick": false,
      "showOnReceiverSide": false,
      "messageList": {
      }
    },
    "videoMessageList": {
      "showOnSenderSide": false,
      "sendMessageOnClick": false,
      "showOnReceiverSide": false,
      "messageList": {
      }
    },
    "audioMessageList": {
      "showOnSenderSide": false,
      "sendMessageOnClick": false,
      "showOnReceiverSide": false,
      "messageList": {
      }
    },
    "locationMessageList": {
      "showOnSenderSide": false,
      "sendMessageOnClick": false,
      "showOnReceiverSide": false,
      "messageList": {
      }
    },
    "contactMessageList": {
      "showOnSenderSide": false,
      "sendMessageOnClick": false,
      "showOnReceiverSide": false,
      "messageList": {
      }
    }
  }
}
