{
	"agcgw":{
		"websocketbackurl":"connect-ws-drcn.hispace.dbankcloud.cn",
		"backurl":"connect-drcn.dbankcloud.cn",
		"websocketurl":"connect-ws-drcn.hispace.dbankcloud.com",
		"url":"connect-drcn.hispace.hicloud.com"
	},
	"client":{
		"appType":"1",
		"cp_id":"2640962000000716769",
		"product_id":"736430079244787261",
		"client_id":"543390185849631360",
		"client_secret":"355F7A250A808DBCC80D602DA0DDD534741A46E6BF1989E1883AD9FA521CFAE5",
		"project_id":"736430079244787261",
		"app_id":"103710817",
		"api_key":"CgB6e3x93UUdOkr4XUYbBRc/+yDu9KmoZJwytZ0XlFau1XhyRByYunBzH1znlfpCYzmUaGTVt3wM7Kw/bgmUmnAi",
		"package_name":"com.app.basketiodriver"
	},
	"service":{
		"analytics":{
			"collector_url":"datacollector-drcn.dt.hicloud.com,datacollector-drcn.dt.dbankcloud.cn",
			"resource_id":"p1",
			"channel_id":""
		},
		"search":{
			"url":"https://search-drcn.cloud.huawei.com"
		},
		"cloudstorage":{
			"storage_url":"https://agc-storage-drcn.platform.dbankcloud.cn"
		},
		"ml":{
			"mlservice_url":"ml-api-drcn.ai.dbankcloud.com,ml-api-drcn.ai.dbankcloud.cn"
		}
	},
	"region":"CN",
	"configuration_version":"1.0"
}