{
  "project_info": {
    "project_number": "936288616959",
    "project_id": "reunited-5b446",
    "storage_bucket": "reunited-5b446.appspot.com"
  },
  "client": [
    {
      "client_info": {
        "mobilesdk_app_id": "1:936288616959:android:86578381f03660082467ca",
        "android_client_info": {
          "package_name": "com.blazma.kiosk"
        }
      },
      "oauth_client": [
        {
          "client_id": "936288616959-2f941kukkjq3cm8v9v5inm5bdctfr1mk.apps.googleusercontent.com",
          "client_type": 3
        }
      ],
      "api_key": [
        {
          "current_key": "AIzaSyAjTL44MoALieDBtNm2o3x39Vqj8Zn78dQ"
        }
      ],
      "services": {
        "appinvite_service": {
          "other_platform_oauth_client": [
            {
              "client_id": "936288616959-2f941kukkjq3cm8v9v5inm5bdctfr1mk.apps.googleusercontent.com",
              "client_type": 3
            },
            {
              "client_id": "936288616959-plpokv4tqei8h93cmprgvcgsn9ej87g9.apps.googleusercontent.com",
              "client_type": 2,
              "ios_info": {
                "bundle_id": "com.blazma.kiosk"
              }
            }
          ]
        }
      }
    }
  ],
  "configuration_version": "1"
}