{
  "project_info": {
    "project_number": "642348852765",
    "firebase_url": "https://khaleeji.firebaseio.com",
    "project_id": "khaleeji",
    "storage_bucket": "khaleeji.appspot.com"
  },
  "client": [
    {
      "client_info": {
        "mobilesdk_app_id": "1:642348852765:android:bdbce032a19ae6c340c8f4",
        "android_client_info": {
          "package_name": "com.app.khaleeji"
        }
      },
      "oauth_client": [
        {
          "client_id": "642348852765-hnjoruv3usaot13bkkrmhnbc652338hn.apps.googleusercontent.com",
          "client_type": 1,
          "android_info": {
            "package_name": "com.app.khaleeji",
            "certificate_hash": "0f764069266819e3a5fd19a7744793ae554a8801"
          }
        },
        {
          "client_id": "642348852765-i6jn2ujra0th1l5805tngj06fsqu155u.apps.googleusercontent.com",
          "client_type": 3
        }
      ],
      "api_key": [
        {
          "current_key": "AIzaSyClWeh0XZPhlu_yDi8duTxCaM6kvzt2-Rw"
        }
      ],
      "services": {
        "appinvite_service": {
          "other_platform_oauth_client": [
            {
              "client_id": "642348852765-i6jn2ujra0th1l5805tngj06fsqu155u.apps.googleusercontent.com",
              "client_type": 3
            },
            {
              "client_id": "642348852765-3ugt1chbp26te1k75k7dd8dratcbcref.apps.googleusercontent.com",
              "client_type": 2,
              "ios_info": {
                "bundle_id": "com.gulflink.app"
              }
            }
          ]
        }
      }
    }
  ],
  "configuration_version": "1"
}