{
  "project_info": {
    "project_number": "194510704333",
    "project_id": "gosmple-d2fd1",
    "storage_bucket": "gosmple-d2fd1.appspot.com"
  },
  "client": [
    {
      "client_info": {
        "mobilesdk_app_id": "1:194510704333:android:0d7b8279bbcad02ebbe384",
        "android_client_info": {
          "package_name": "com.blazma.logistics"
        }
      },
      "oauth_client": [],
      "api_key": [
        {
          "current_key": "AIzaSyD7obQ9z1UkYZAwVCKMLMemdlrNlMsYkGU"
        }
      ],
      "services": {
        "appinvite_service": {
          "other_platform_oauth_client": []
        }
      }
    }
  ],
  "configuration_version": "1"
}